"user_id","role"
2673,"subscriber"
2673,"wholesalebuyer"
2672,"customer"
2671,"subscriber"
2671,"wholesalebuyer"
2670,"customer"
2669,"customer"
2668,"customer"
2667,"customer"
2666,"subscriber"
2666,"wholesalebuyer"
2665,"subscriber"
2665,"wholesalebuyer"
2664,"subscriber"
2664,"wholesalebuyer"
2663,"customer"
2662,"customer"
2661,"subscriber"
2661,"wholesalebuyer"
2660,"subscriber"
2660,"wholesalebuyer"
2659,"customer"
2658,"customer"
2657,"subscriber"
2657,"wholesalebuyer"
2656,"customer"
2655,"customer"
2654,"customer"
2653,"customer"
2652,"customer"
2651,"subscriber"
2651,"wholesalebuyer"
2650,"customer"
2649,"customer"
2648,"customer"
2647,"customer"
2646,"customer"
2645,"customer"
2644,"customer"
2643,"subscriber"
2643,"wholesalebuyer"
2642,"subscriber"
2642,"wholesalebuyer"
2641,"customer"
2640,"customer"
2639,"customer"
2638,"customer"
2637,"customer"
2636,"subscriber"
2636,"wholesalebuyer"
2635,"customer"
2634,"customer"
2633,"customer"
2632,"customer"
2631,"subscriber"
2631,"wholesalebuyer"
2630,"subscriber"
2630,"wholesalebuyer"
2629,"customer"
2628,"customer"
2627,"customer"
2626,"subscriber"
2626,"wholesalebuyer"
2624,"customer"
2623,"customer"
2622,"customer"
2621,"customer"
2620,"customer"
2619,"customer"
2618,"customer"
2617,"subscriber"
2617,"wholesalebuyer"
2616,"customer"
2616,"wholesalebuyer"
2615,"customer"
2614,"customer"
2613,"customer"
2612,"customer"
2611,"customer"
2610,"customer"
2609,"customer"
2608,"customer"
2607,"subscriber"
2607,"wholesalebuyer"
2606,"customer"
2605,"customer"
2604,"customer"
2603,"customer"
2602,"customer"
2601,"customer"
2600,"customer"
2599,"customer"
2598,"customer"
2597,"customer"
2596,"customer"
2595,"subscriber"
2595,"wholesalebuyer"
2594,"customer"
2593,"subscriber"
2593,"wholesalebuyer"
2592,"customer"
2591,"customer"
2590,"customer"
2589,"customer"
2588,"subscriber"
2588,"wholesalebuyer"
2587,"subscriber"
2587,"wholesaletaxfree"
2586,"administrator"
2585,"customer"
2584,"subscriber"
2584,"wholesalebuyer"
2583,"customer"
2582,"customer"
2581,"customer"
2580,"customer"
2579,"customer"
2578,"subscriber"
2578,"wholesalebuyer"
2577,"customer"
2576,"customer"
2575,"subscriber"
2575,"wholesalebuyer"
2574,"customer"
2573,"customer"
2572,"customer"
2571,"customer"
2570,"customer"
2569,"subscriber"
2569,"wholesalebuyer"
2568,"subscriber"
2568,"wholesalebuyer"
2567,"subscriber"
2567,"wholesalebuyer"
2566,"subscriber"
2566,"wholesalebuyer"
2565,"customer"
2564,"customer"
2563,"subscriber"
2563,"wholesalebuyer"
2562,"subscriber"
2562,"wholesalebuyer"
2561,"subscriber"
2561,"wholesalebuyer"
2560,"subscriber"
2560,"wholesalebuyer"
2559,"customer"
2558,"customer"
2557,"customer"
2556,"customer"
2555,"customer"
2554,"customer"
2553,"subscriber"
2553,"wholesalebuyer"
2552,"customer"
2551,"customer"
2550,"customer"
2549,"customer"
2548,"customer"
2547,"customer"
2546,"customer"
2545,"customer"
2544,"customer"
2543,"customer"
2542,"customer"
2541,"subscriber"
2541,"wholesalebuyer"
2540,"customer"
2539,"customer"
2538,"customer"
2537,"customer"
2536,"customer"
2535,"customer"
2534,"customer"
2533,"customer"
2532,"customer"
2531,"customer"
2530,"customer"
2529,"customer"
2528,"customer"
2527,"subscriber"
2527,"wholesalebuyer"
2526,"subscriber"
2526,"wholesalebuyer"
2525,"subscriber"
2525,"wholesalebuyer"
2524,"customer"
2523,"customer"
2522,"subscriber"
2522,"wholesalebuyer"
2521,"subscriber"
2521,"wholesalebuyer"
2520,"customer"
2519,"customer"
2518,"customer"
2517,"customer"
2516,"customer"
2515,"customer"
2514,"customer"
2513,"customer"
2513,"wholesalebuyer"
2512,"customer"
2511,"subscriber"
2511,"wholesalebuyer"
2510,"customer"
2509,"customer"
2508,"customer"
2507,"customer"
2506,"customer"
2505,"subscriber"
2505,"wholesalebuyer"
2504,"customer"
2503,"customer"
2502,"subscriber"
2502,"wholesalebuyer"
2501,"customer"
2500,"customer"
2499,"customer"
2498,"customer"
2497,"customer"
2496,"customer"
2495,"customer"
2494,"customer"
2493,"customer"
2492,"customer"
2491,"customer"
2490,"customer"
2489,"customer"
2488,"customer"
2487,"customer"
2486,"subscriber"
2486,"wholesalebuyer"
2485,"customer"
2484,"customer"
2483,"customer"
2482,"customer"
2481,"subscriber"
2481,"wholesalebuyer"
2480,"subscriber"
2480,"wholesalebuyer"
2478,"customer"
2477,"customer"
2476,"customer"
2475,"customer"
2474,"customer"
2473,"customer"
2472,"subscriber"
2472,"wholesalebuyer"
2471,"customer"
2470,"customer"
2469,"customer"
2468,"subscriber"
2468,"wholesalebuyer"
2467,"customer"
2466,"customer"
2465,"customer"
2464,"subscriber"
2464,"wholesalebuyer"
2463,"customer"
2463,"wholesalebuyer"
2461,"subscriber"
2461,"wholesalebuyer"
2460,"customer"
2460,"subscriber"
2460,"wholesalebuyer"
2459,"customer"
2458,"subscriber"
2458,"wholesalebuyer"
2457,"customer"
2456,"customer"
2456,"wholesalebuyer"
2455,"customer"
2454,"customer"
2453,"subscriber"
2453,"wholesalebuyer"
2452,"subscriber"
2452,"wholesalebuyer"
2451,"customer"
2450,"customer"
2449,"customer"
2448,"customer"
2447,"customer"
2446,"customer"
2445,"subscriber"
2445,"wholesalebuyer"
2443,"subscriber"
2443,"wholesalebuyer"
2442,"customer"
2441,"customer"
2441,"wholesalebuyer"
2440,"customer"
2439,"customer"
2438,"customer"
2437,"customer"
2436,"customer"
2435,"customer"
2434,"subscriber"
2434,"wholesalebuyer"
2433,"subscriber"
2433,"wholesalebuyer"
2432,"customer"
2431,"subscriber"
2431,"wholesalebuyer"
2430,"customer"
2429,"customer"
2428,"customer"
2427,"customer"
2426,"customer"
2425,"customer"
2424,"customer"
2423,"subscriber"
2423,"wholesalebuyer"
2422,"subscriber"
2422,"wholesalebuyer"
2421,"subscriber"
2421,"wholesalebuyer"
2420,"customer"
2419,"customer"
2418,"customer"
2417,"customer"
2416,"customer"
2415,"customer"
2414,"customer"
2414,"wholesalebuyer"
2413,"customer"
2412,"subscriber"
2412,"wholesalebuyer"
2411,"subscriber"
2411,"wholesalebuyer"
2410,"subscriber"
2410,"wholesalebuyer"
2409,"subscriber"
2409,"wholesalebuyer"
2408,"subscriber"
2408,"wholesalebuyer"
2407,"customer"
2406,"customer"
2404,"customer"
2403,"customer"
2402,"customer"
2401,"customer"
2400,"subscriber"
2400,"wholesalebuyer"
2398,"customer"
2397,"customer"
2396,"customer"
2395,"customer"
2394,"customer"
2393,"customer"
2392,"customer"
2391,"customer"
2390,"customer"
2389,"subscriber"
2389,"wholesalebuyer"
2388,"customer"
2387,"customer"
2386,"customer"
2385,"customer"
2384,"customer"
2383,"customer"
2382,"customer"
2379,"customer"
2378,"subscriber"
2378,"wholesalebuyer"
2377,"subscriber"
2377,"wholesalebuyer"
2376,"subscriber"
2376,"wholesalebuyer"
2375,"subscriber"
2375,"wholesalebuyer"
2374,"subscriber"
2374,"wholesalebuyer"
2373,"customer"
2372,"customer"
2371,"customer"
2370,"customer"
2369,"customer"
2368,"customer"
2367,"customer"
2366,"customer"
2365,"customer"
2364,"customer"
2363,"customer"
2362,"customer"
2361,"customer"
2360,"subscriber"
2360,"wholesalebuyer"
2356,"customer"
2355,"customer"
2354,"customer"
2352,"customer"
2351,"customer"
2350,"customer"
2349,"subscriber"
2349,"wholesalebuyer"
2348,"subscriber"
2348,"wholesalebuyer"
2347,"customer"
2346,"customer"
2345,"customer"
2343,"subscriber"
2343,"wholesalebuyer"
2342,"customer"
2341,"customer"
2340,"subscriber"
2340,"wholesalebuyer"
2339,"subscriber"
2339,"wholesalebuyer"
2338,"customer"
2337,"customer"
2336,"subscriber"
2336,"wholesalebuyer"
2335,"subscriber"
2335,"wholesalebuyer"
2334,"customer"
2334,"wholesalebuyer"
2333,"customer"
2332,"customer"
2331,"customer"
2330,"subscriber"
2330,"wholesalebuyer"
2329,"customer"
2328,"customer"
2327,"customer"
2326,"customer"
2325,"customer"
2324,"customer"
2323,"customer"
2322,"subscriber"
2322,"wholesalebuyer"
2321,"subscriber"
2321,"wholesalebuyer"
2320,"customer"
2319,"customer"
2318,"customer"
2317,"customer"
2316,"customer"
2315,"customer"
2314,"customer"
2313,"customer"
2312,"customer"
2311,"customer"
2310,"customer"
2309,"customer"
2308,"customer"
2307,"customer"
2306,"customer"
2305,"customer"
2304,"customer"
2303,"subscriber"
2303,"wholesalebuyer"
2302,"subscriber"
2302,"wholesalebuyer"
2301,"subscriber"
2301,"wholesalebuyer"
2300,"customer"
2298,"customer"
2297,"customer"
2296,"customer"
2295,"customer"
2294,"customer"
2293,"customer"
2292,"customer"
2291,"customer"
2290,"customer"
2289,"subscriber"
2289,"wholesalebuyer"
2288,"subscriber"
2288,"wholesalebuyer"
2287,"subscriber"
2287,"wholesalebuyer"
2286,"subscriber"
2286,"wholesalebuyer"
2285,"subscriber"
2285,"wholesalebuyer"
2284,"customer"
2283,"subscriber"
2283,"wholesalebuyer"
2282,"customer"
2281,"customer"
2280,"customer"
2279,"customer"
2278,"customer"
2277,"customer"
2276,"customer"
2275,"customer"
2274,"customer"
2273,"customer"
2272,"customer"
2271,"customer"
2270,"customer"
2269,"customer"
2268,"customer"
2267,"customer"
2266,"customer"
2265,"customer"
2264,"customer"
2263,"customer"
2262,"subscriber"
2262,"wholesalebuyer"
2261,"subscriber"
2261,"wholesalebuyer"
2260,"customer"
2259,"customer"
2258,"subscriber"
2258,"wholesalebuyer"
2257,"customer"
2256,"customer"
2255,"customer"
2254,"customer"
2253,"subscriber"
2253,"wholesalebuyer"
2252,"subscriber"
2252,"wholesalebuyer"
2251,"subscriber"
2251,"wholesalebuyer"
2250,"subscriber"
2250,"wholesalebuyer"
2248,"customer"
2247,"customer"
2246,"customer"
2245,"subscriber"
2245,"wholesalebuyer"
2244,"subscriber"
2244,"wholesalebuyer"
2243,"subscriber"
2243,"wholesalebuyer"
2242,"subscriber"
2242,"wholesalebuyer"
2241,"customer"
2240,"customer"
2239,"customer"
2238,"customer"
2237,"subscriber"
2237,"wholesalebuyer"
2236,"subscriber"
2236,"wholesalebuyer"
2235,"subscriber"
2235,"wholesalebuyer"
2234,"customer"
2233,"customer"
2232,"customer"
2231,"customer"
2230,"customer"
2229,"customer"
2228,"subscriber"
2228,"wholesalebuyer"
2227,"subscriber"
2227,"wholesalebuyer"
2226,"customer"
2225,"customer"
2223,"customer"
2222,"customer"
2221,"subscriber"
2221,"wholesalebuyer"
2220,"subscriber"
2220,"wholesalebuyer"
2219,"customer"
2218,"customer"
2217,"customer"
2216,"subscriber"
2216,"wholesalebuyer"
2215,"customer"
2214,"customer"
2213,"customer"
2212,"customer"
2211,"customer"
2210,"customer"
2209,"customer"
2208,"subscriber"
2208,"wholesalebuyer"
2207,"customer"
2206,"customer"
2205,"customer"
2204,"customer"
2203,"customer"
2202,"customer"
2201,"customer"
2200,"subscriber"
2200,"wholesalebuyer"
2199,"subscriber"
2199,"wholesalebuyer"
2198,"subscriber"
2198,"wholesalebuyer"
2197,"customer"
2196,"customer"
2195,"customer"
2194,"customer"
2193,"customer"
2192,"customer"
2191,"customer"
2190,"customer"
2189,"customer"
2188,"subscriber"
2188,"wholesalebuyer"
2187,"subscriber"
2187,"wholesalebuyer"
2186,"subscriber"
2186,"wholesalebuyer"
2185,"customer"
2184,"customer"
2183,"customer"
2182,"customer"
2181,"customer"
2180,"customer"
2179,"customer"
2178,"subscriber"
2178,"wholesalebuyer"
2177,"wholesalebuyer"
2176,"customer"
2175,"customer"
2174,"subscriber"
2174,"wholesalebuyer"
2173,"customer"
2172,"wholesalebuyer"
2171,"wholesalebuyer"
2170,"wholesalebuyer"
2169,"wholesalebuyer"
2168,"wholesalebuyer"
2167,"customer"
2166,"customer"
2165,"wholesalebuyer"
2164,"wholesalebuyer"
2162,"customer"
2161,"customer"
2160,"customer"
2159,"customer"
2158,"customer"
2157,"customer"
2156,"customer"
2155,"wholesalebuyer"
2154,"wholesalebuyer"
2153,"wholesalebuyer"
2151,"wholesalebuyer"
2150,"customer"
2149,"customer"
2148,"customer"
2147,"customer"
2146,"customer"
2145,"customer"
2144,"customer"
2143,"wholesalebuyer"
2142,"wholesalebuyer"
2141,"customer"
2140,"customer"
2139,"customer"
2138,"customer"
2137,"customer"
2136,"customer"
2135,"customer"
2134,"customer"
2133,"customer"
2132,"customer"
2131,"customer"
2130,"customer"
2129,"customer"
2128,"customer"
2127,"customer"
2126,"wholesalebuyer"
2125,"wholesalebuyer"
2124,"wholesalebuyer"
2123,"wholesalebuyer"
2122,"wholesalebuyer"
2121,"customer"
2120,"customer"
2119,"customer"
2118,"customer"
2117,"wholesalebuyer"
2116,"customer"
2115,"customer"
2114,"customer"
2113,"customer"
2112,"customer"
2111,"customer"
2110,"customer"
2109,"customer"
2108,"customer"
2107,"customer"
2106,"customer"
2105,"customer"
2104,"customer"
2103,"customer"
2102,"customer"
2101,"customer"
2100,"customer"
2099,"customer"
2098,"customer"
2097,"customer"
2096,"customer"
2095,"wholesalebuyer"
2092,"customer"
2091,"customer"
2090,"wholesalebuyer"
2089,"customer"
2088,"customer"
2087,"customer"
2086,"customer"
2085,"customer"
2084,"customer"
2083,"customer"
2082,"customer"
2081,"wholesalebuyer"
2080,"customer"
2079,"customer"
2078,"customer"
2077,"customer"
2076,"customer"
2075,"customer"
2074,"customer"
2073,"customer"
2072,"customer"
2071,"customer"
2070,"customer"
2069,"customer"
2068,"customer"
2067,"wholesalebuyer"
2066,"wholesalebuyer"
2065,"wholesalebuyer"
2064,"customer"
2063,"customer"
2062,"customer"
2061,"customer"
2060,"customer"
2059,"customer"
2058,"customer"
2057,"customer"
2056,"customer"
2055,"customer"
2054,"wholesalebuyer"
2053,"customer"
2052,"customer"
2051,"customer"
2050,"customer"
2049,"customer"
2048,"customer"
2047,"customer"
2046,"customer"
2045,"customer"
2044,"customer"
2043,"customer"
2042,"customer"
2041,"customer"
2040,"customer"
2039,"customer"
2038,"customer"
2037,"customer"
2036,"customer"
2035,"customer"
2034,"customer"
2033,"customer"
2032,"wholesalebuyer"
2031,"customer"
2030,"customer"
2029,"customer"
2028,"customer"
2027,"customer"
2026,"customer"
2025,"customer"
2024,"customer"
2023,"customer"
2022,"customer"
2021,"customer"
2020,"customer"
2019,"customer"
2018,"customer"
2017,"customer"
2016,"customer"
2015,"customer"
2014,"customer"
2013,"customer"
2012,"customer"
2011,"customer"
2010,"wholesalebuyer"
2009,"customer"
2008,"customer"
2007,"wholesalebuyer"
2006,"wholesalebuyer"
2005,"wholesalebuyer"
2004,"customer"
2003,"customer"
2002,"customer"
2001,"customer"
2000,"customer"
1999,"customer"
1998,"wholesalebuyer"
1997,"wholesalebuyer"
1996,"customer"
1995,"customer"
1994,"customer"
1993,"wholesalebuyer"
1992,"wholesalebuyer"
1991,"customer"
1990,"customer"
1989,"customer"
1988,"customer"
1987,"customer"
1986,"wholesalebuyer"
1985,"customer"
1984,"wholesalebuyer"
1983,"wholesalebuyer"
1982,"customer"
1981,"customer"
1980,"customer"
1979,"customer"
1978,"customer"
1977,"customer"
1976,"customer"
1975,"wholesalebuyer"
1974,"customer"
1973,"customer"
1972,"customer"
1970,"customer"
1969,"customer"
1968,"wholesalebuyer"
1967,"wholesalebuyer"
1966,"customer"
1965,"customer"
1964,"customer"
1963,"wholesalebuyer"
1962,"wholesalebuyer"
1960,"customer"
1959,"wholesalebuyer"
1958,"customer"
1957,"customer"
1956,"wholesalebuyer"
1955,"wholesalebuyer"
1954,"customer"
1953,"customer"
1952,"customer"
1951,"customer"
1950,"wholesalebuyer"
1949,"customer"
1948,"customer"
1947,"customer"
1946,"customer"
1945,"customer"
1943,"customer"
1942,"customer"
1941,"customer"
1940,"customer"
1939,"customer"
1938,"wholesalebuyer"
1937,"customer"
1936,"customer"
1935,"customer"
1934,"customer"
1933,"customer"
1932,"customer"
1931,"wholesalebuyer"
1930,"customer"
1929,"customer"
1928,"customer"
1927,"wholesalebuyer"
1926,"customer"
1925,"customer"
1924,"customer"
1923,"wholesalebuyer"
1922,"wholesalebuyer"
1920,"wholesalebuyer"
1919,"customer"
1918,"customer"
1917,"customer"
1916,"customer"
1915,"customer"
1914,"customer"
1913,"customer"
1912,"customer"
1911,"customer"
1910,"customer"
1909,"customer"
1908,"customer"
1907,"customer"
1906,"wholesalebuyer"
1905,"wholesalebuyer"
1904,"customer"
1903,"customer"
1902,"customer"
1901,"customer"
1900,"customer"
1899,"customer"
1898,"wholesalebuyer"
1897,"customer"
1896,"customer"
1895,"customer"
1894,"wholesalebuyer"
1893,"customer"
1892,"customer"
1891,"customer"
1890,"customer"
1889,"customer"
1888,"customer"
1887,"customer"
1886,"customer"
1885,"wholesalebuyer"
1884,"customer"
1883,"wholesalebuyer"
1882,"wholesalebuyer"
1880,"customer"
1879,"customer"
1878,"customer"
1877,"customer"
1876,"customer"
1875,"customer"
1874,"customer"
1873,"customer"
1872,"customer"
1871,"customer"
1870,"customer"
1869,"customer"
1868,"wholesalebuyer"
1867,"wholesalebuyer"
1866,"customer"
1865,"customer"
1864,"customer"
1863,"customer"
1862,"customer"
1861,"customer"
1860,"customer"
1859,"customer"
1858,"customer"
1857,"customer"
1856,"customer"
1855,"customer"
1854,"customer"
1853,"customer"
1852,"customer"
1851,"customer"
1850,"customer"
1849,"customer"
1848,"customer"
1847,"customer"
1846,"customer"
1845,"customer"
1844,"customer"
1843,"customer"
1842,"customer"
1841,"customer"
1840,"customer"
1839,"customer"
1838,"customer"
1837,"customer"
1836,"customer"
1835,"customer"
1834,"customer"
1833,"customer"
1832,"customer"
1831,"customer"
1830,"customer"
1829,"customer"
1828,"customer"
1827,"customer"
1826,"customer"
1825,"customer"
1824,"customer"
1823,"customer"
1822,"customer"
1821,"customer"
1820,"customer"
1819,"customer"
1818,"customer"
1817,"customer"
1816,"customer"
1815,"customer"
1814,"customer"
1813,"customer"
1812,"customer"
1811,"customer"
1810,"customer"
1809,"customer"
1808,"customer"
1807,"customer"
1806,"customer"
1805,"customer"
1804,"customer"
1803,"customer"
1802,"customer"
1801,"customer"
1800,"customer"
1799,"customer"
1798,"customer"
1797,"customer"
1796,"customer"
1795,"wholesalebuyer"
1794,"customer"
1793,"customer"
1792,"wholesalebuyer"
1791,"customer"
1790,"customer"
1789,"wholesalebuyer"
1788,"customer"
1787,"customer"
1786,"customer"
1785,"customer"
1784,"customer"
1783,"customer"
1782,"customer"
1781,"customer"
1780,"customer"
1779,"customer"
1778,"customer"
1777,"customer"
1776,"customer"
1775,"wholesalebuyer"
1774,"customer"
1773,"customer"
1772,"wholesalebuyer"
1771,"wholesalebuyer"
1770,"customer"
1769,"customer"
1768,"customer"
1767,"customer"
1766,"customer"
1765,"customer"
1764,"customer"
1763,"customer"
1762,"wholesalebuyer"
1761,"customer"
1760,"customer"
1759,"wholesalebuyer"
1758,"customer"
1757,"wholesalebuyer"
1756,"customer"
1755,"customer"
1754,"customer"
1753,"wholesalebuyer"
1752,"wholesalebuyer"
1751,"customer"
1750,"customer"
1749,"customer"
1748,"customer"
1747,"customer"
1746,"customer"
1745,"customer"
1744,"wholesalebuyer"
1743,"customer"
1742,"wholesalebuyer"
1741,"wholesalebuyer"
1740,"wholesalebuyer"
1739,"customer"
1738,"customer"
1737,"customer"
1737,"wholesalebuyer"
1736,"wholesalebuyer"
1735,"customer"
1734,"wholesalebuyer"
1733,"wholesalebuyer"
1732,"wholesalebuyer"
1731,"customer"
1730,"customer"
1729,"customer"
1728,"wholesalebuyer"
1727,"customer"
1726,"customer"
1725,"customer"
1724,"wholesalebuyer"
1723,"customer"
1722,"wholesalebuyer"
1721,"customer"
1719,"customer"
1718,"customer"
1717,"wholesalebuyer"
1716,"customer"
1714,"customer"
1713,"wholesalebuyer"
1712,"customer"
1711,"customer"
1710,"wholesalebuyer"
1709,"customer"
1708,"customer"
1707,"customer"
1706,"customer"
1705,"customer"
1704,"wholesalebuyer"
1703,"wholesalebuyer"
1702,"customer"
1701,"customer"
1700,"customer"
1699,"customer"
1698,"customer"
1697,"customer"
1696,"customer"
1695,"customer"
1694,"wholesalebuyer"
1693,"wholesalebuyer"
1692,"customer"
1691,"customer"
1690,"customer"
1689,"wholesalebuyer"
1688,"customer"
1687,"customer"
1685,"wholesalebuyer"
1684,"customer"
1683,"customer"
1682,"customer"
1681,"wholesalebuyer"
1680,"customer"
1679,"wholesalebuyer"
1678,"customer"
1677,"customer"
1676,"wholesalebuyer"
1675,"customer"
1674,"customer"
1673,"wholesalebuyer"
1672,"customer"
1671,"customer"
1670,"wholesalebuyer"
1669,"customer"
1668,"wholesalebuyer"
1667,"customer"
1666,"customer"
1665,"customer"
1664,"customer"
1663,"customer"
1662,"customer"
1661,"wholesalebuyer"
1660,"customer"
1659,"customer"
1658,"customer"
1657,"customer"
1656,"customer"
1655,"customer"
1654,"customer"
1653,"customer"
1652,"wholesalebuyer"
1651,"wholesalebuyer"
1650,"wholesalebuyer"
1649,"wholesalebuyer"
1648,"customer"
1647,"customer"
1647,"wholesalebuyer"
1646,"wholesalebuyer"
1645,"wholesalebuyer"
1644,"customer"
1643,"customer"
1642,"customer"
1641,"customer"
1640,"wholesalebuyer"
1639,"customer"
1638,"customer"
1638,"wholesalebuyer"
1638,"wholesaletaxfree"
1637,"customer"
1636,"customer"
1635,"wholesalebuyer"
1634,"customer"
1633,"customer"
1632,"customer"
1631,"wholesalebuyer"
1630,"customer"
1629,"customer"
1628,"customer"
1627,"customer"
1626,"customer"
1625,"customer"
1624,"customer"
1623,"customer"
1622,"customer"
1621,"wholesalebuyer"
1620,"wholesalebuyer"
1619,"wholesalebuyer"
1618,"wholesalebuyer"
1617,"wholesalebuyer"
1615,"customer"
1614,"customer"
1613,"customer"
1612,"customer"
1611,"customer"
1610,"customer"
1609,"customer"
1608,"wholesalebuyer"
1607,"customer"
1606,"customer"
1605,"wholesalebuyer"
1604,"customer"
1603,"customer"
1602,"customer"
1601,"customer"
1600,"customer"
1599,"customer"
1598,"customer"
1597,"customer"
1596,"wholesalebuyer"
1595,"customer"
1594,"customer"
1593,"customer"
1592,"customer"
1591,"customer"
1590,"customer"
1589,"customer"
1588,"wholesalebuyer"
1587,"customer"
1586,"customer"
1585,"customer"
1584,"customer"
1583,"customer"
1582,"wholesalebuyer"
1581,"customer"
1580,"wholesaletaxfree"
1579,"wholesalebuyer"
1578,"customer"
1577,"customer"
1576,"customer"
1575,"customer"
1574,"customer"
1573,"customer"
1572,"customer"
1571,"customer"
1570,"customer"
1569,"customer"
1568,"customer"
1567,"customer"
1566,"wholesalebuyer"
1565,"wholesalebuyer"
1564,"wholesalebuyer"
1563,"wholesalebuyer"
1562,"customer"
1561,"customer"
1560,"customer"
1559,"customer"
1558,"customer"
1557,"customer"
1556,"wholesalebuyer"
1555,"customer"
1554,"wholesalebuyer"
1553,"wholesalebuyer"
1552,"wholesalebuyer"
1551,"wholesalebuyer"
1550,"customer"
1549,"customer"
1548,"customer"
1547,"customer"
1546,"customer"
1545,"customer"
1544,"wholesalebuyer"
1543,"wholesalebuyer"
1542,"wholesalebuyer"
1541,"wholesalebuyer"
1540,"customer"
1539,"customer"
1538,"customer"
1537,"wholesalebuyer"
1536,"wholesalebuyer"
1535,"wholesalebuyer"
1534,"wholesalebuyer"
1533,"customer"
1532,"customer"
1531,"customer"
1530,"wholesalebuyer"
1529,"customer"
1528,"customer"
1527,"customer"
1526,"wholesaletaxfree"
1525,"customer"
1524,"customer"
1523,"wholesalebuyer"
1522,"wholesalebuyer"
1521,"customer"
1520,"customer"
1519,"customer"
1518,"customer"
1517,"customer"
1516,"wholesalebuyer"
1515,"wholesalebuyer"
1514,"wholesalebuyer"
1513,"customer"
1512,"customer"
1511,"customer"
1510,"customer"
1509,"customer"
1508,"customer"
1507,"customer"
1506,"wholesalebuyer"
1505,"wholesalebuyer"
1504,"customer"
1503,"wholesalebuyer"
1502,"customer"
1501,"customer"
1500,"customer"
1499,"customer"
1498,"wholesalebuyer"
1497,"customer"
1496,"wholesalebuyer"
1495,"wholesalebuyer"
1494,"wholesalebuyer"
1493,"customer"
1491,"wholesalebuyer"
1490,"wholesalebuyer"
1489,"customer"
1488,"wholesalebuyer"
1487,"customer"
1486,"wholesalebuyer"
1485,"customer"
1484,"customer"
1483,"wholesalebuyer"
1482,"wholesalebuyer"
1481,"wholesalebuyer"
1480,"customer"
1479,"customer"
1478,"customer"
1477,"customer"
1476,"customer"
1475,"wholesalebuyer"
1474,"customer"
1473,"customer"
1472,"customer"
1471,"customer"
1470,"wholesalebuyer"
1469,"customer"
1468,"wholesalebuyer"
1467,"customer"
1466,"customer"
1465,"wholesalebuyer"
1464,"customer"
1463,"customer"
1462,"wholesalebuyer"
1461,"wholesalebuyer"
1460,"wholesalebuyer"
1459,"customer"
1458,"customer"
1457,"customer"
1456,"wholesalebuyer"
1455,"customer"
1454,"wholesaletaxfree"
1453,"wholesalebuyer"
1452,"customer"
1451,"customer"
1450,"customer"
1449,"customer"
1448,"customer"
1447,"customer"
1446,"wholesalebuyer"
1445,"customer"
1444,"customer"
1443,"customer"
1442,"customer"
1441,"wholesalebuyer"
1440,"wholesalebuyer"
1439,"customer"
1438,"customer"
1437,"customer"
1436,"wholesalebuyer"
1435,"wholesalebuyer"
1434,"customer"
1433,"wholesalebuyer"
1432,"wholesalebuyer"
1431,"customer"
1430,"customer"
1429,"customer"
1428,"customer"
1427,"customer"
1426,"customer"
1425,"customer"
1424,"customer"
1423,"wholesalebuyer"
1422,"customer"
1421,"wholesalebuyer"
1420,"customer"
1419,"customer"
1418,"customer"
1417,"customer"
1416,"customer"
1415,"customer"
1414,"customer"
1413,"customer"
1412,"wholesalebuyer"
1411,"customer"
1410,"customer"
1409,"customer"
1408,"customer"
1407,"customer"
1406,"customer"
1405,"customer"
1404,"wholesalebuyer"
1403,"customer"
1402,"customer"
1401,"customer"
1400,"customer"
1399,"customer"
1398,"customer"
1397,"wholesalebuyer"
1396,"customer"
1395,"wholesalebuyer"
1394,"administrator"
1393,"wholesalebuyer"
1392,"customer"
1391,"customer"
1390,"customer"
1389,"wholesalebuyer"
1387,"wholesalebuyer"
1386,"customer"
1384,"customer"
1383,"wholesalebuyer"
1382,"customer"
1381,"customer"
1380,"wholesalebuyer"
1378,"wholesalebuyer"
1377,"customer"
1376,"wholesalebuyer"
1375,"wholesalebuyer"
1374,"wholesalebuyer"
1373,"wholesalebuyer"
1372,"wholesalebuyer"
1371,"customer"
1370,"customer"
1369,"wholesalebuyer"
1368,"wholesalebuyer"
1367,"customer"
1366,"customer"
1365,"customer"
1364,"customer"
1363,"customer"
1362,"wholesalebuyer"
1361,"wholesalebuyer"
1360,"customer"
1359,"customer"
1358,"wholesalebuyer"
1357,"wholesalebuyer"
1356,"customer"
1355,"customer"
1354,"customer"
1353,"customer"
1352,"customer"
1351,"wholesalebuyer"
1350,"wholesalebuyer"
1349,"wholesalebuyer"
1348,"customer"
1347,"wholesalebuyer"
1346,"wholesalebuyer"
1345,"customer"
1344,"wholesalebuyer"
1343,"customer"
1342,"customer"
1341,"customer"
1340,"wholesalebuyer"
1339,"customer"
1338,"customer"
1337,"wholesalebuyer"
1336,"wholesalebuyer"
1335,"customer"
1334,"customer"
1333,"customer"
1332,"wholesalebuyer"
1331,"customer"
1330,"wholesalebuyer"
1329,"customer"
1328,"customer"
1327,"customer"
1326,"customer"
1325,"customer"
1324,"customer"
1323,"wholesalebuyer"
1322,"wholesalebuyer"
1321,"customer"
1320,"customer"
1319,"customer"
1318,"customer"
1317,"customer"
1316,"customer"
1315,"wholesalebuyer"
1314,"customer"
1313,"customer"
1312,"customer"
1311,"customer"
1310,"wholesaletaxfree"
1309,"customer"
1307,"customer"
1306,"wholesalebuyer"
1305,"wholesalebuyer"
1304,"wholesalebuyer"
1303,"customer"
1302,"customer"
1301,"customer"
1300,"customer"
1299,"wholesalebuyer"
1298,"customer"
1297,"customer"
1296,"customer"
1295,"customer"
1294,"wholesalebuyer"
1293,"wholesalebuyer"
1292,"customer"
1291,"wholesalebuyer"
1290,"wholesalebuyer"
1289,"customer"
1288,"wholesalebuyer"
1287,"customer"
1286,"customer"
1285,"customer"
1284,"customer"
1283,"customer"
1282,"customer"
1281,"customer"
1280,"customer"
1279,"customer"
1278,"wholesalebuyer"
1277,"customer"
1276,"customer"
1275,"wholesalebuyer"
1274,"customer"
1272,"customer"
1271,"customer"
1270,"wholesalebuyer"
1269,"customer"
1268,"wholesalebuyer"
1267,"customer"
1266,"customer"
1265,"customer"
1264,"customer"
1263,"customer"
1262,"customer"
1261,"wholesalebuyer"
1260,"wholesalebuyer"
1259,"customer"
1258,"customer"
1257,"customer"
1256,"wholesalebuyer"
1255,"customer"
1254,"customer"
1253,"customer"
1252,"customer"
1251,"wholesalebuyer"
1250,"customer"
1249,"customer"
1248,"customer"
1246,"wholesalebuyer"
1245,"customer"
1244,"customer"
1243,"customer"
1242,"wholesalebuyer"
1241,"customer"
1240,"customer"
1239,"customer"
1238,"customer"
1237,"customer"
1236,"wholesalebuyer"
1235,"customer"
1234,"customer"
1233,"wholesalebuyer"
1232,"wholesalebuyer"
1231,"wholesalebuyer"
1230,"wholesalebuyer"
1229,"wholesalebuyer"
1228,"wholesalebuyer"
1227,"wholesalebuyer"
1226,"customer"
1225,"customer"
1224,"customer"
1223,"customer"
1222,"wholesalebuyer"
1221,"customer"
1220,"wholesalebuyer"
1219,"customer"
1218,"customer"
1217,"customer"
1216,"customer"
1215,"customer"
1214,"customer"
1213,"customer"
1212,"wholesalebuyer"
1211,"wholesalebuyer"
1210,"wholesalebuyer"
1209,"wholesalebuyer"
1208,"wholesalebuyer"
1207,"wholesalebuyer"
1206,"customer"
1205,"customer"
1204,"wholesalebuyer"
1203,"customer"
1202,"customer"
1201,"customer"
1200,"customer"
1199,"customer"
1198,"customer"
1197,"wholesalebuyer"
1196,"customer"
1195,"customer"
1194,"wholesalebuyer"
1193,"wholesalebuyer"
1192,"wholesalebuyer"
1191,"wholesalebuyer"
1190,"customer"
1189,"wholesalebuyer"
1188,"wholesalebuyer"
1187,"wholesalebuyer"
1186,"wholesalebuyer"
1185,"wholesalebuyer"
1184,"customer"
1183,"customer"
1182,"customer"
1181,"customer"
1180,"customer"
1179,"customer"
1178,"customer"
1177,"wholesalebuyer"
1176,"customer"
1175,"customer"
1174,"customer"
1173,"wholesalebuyer"
1172,"wholesalebuyer"
1171,"wholesalebuyer"
1170,"wholesalebuyer"
1169,"customer"
1168,"customer"
1167,"customer"
1166,"wholesalebuyer"
1165,"wholesalebuyer"
1164,"wholesalebuyer"
1163,"wholesalebuyer"
1162,"wholesalebuyer"
1161,"wholesalebuyer"
1160,"customer"
1159,"customer"
1158,"wholesalebuyer"
1157,"wholesalebuyer"
1156,"customer"
1155,"customer"
1154,"wholesalebuyer"
1153,"wholesalebuyer"
1152,"wholesalebuyer"
1151,"customer"
1150,"customer"
1149,"customer"
1148,"customer"
1147,"customer"
1146,"customer"
1145,"customer"
1144,"customer"
1143,"wholesalebuyer"
1142,"wholesalebuyer"
1141,"customer"
1140,"customer"
1139,"wholesalebuyer"
1138,"customer"
1137,"customer"
1136,"wholesalebuyer"
1135,"customer"
1134,"customer"
1133,"customer"
1132,"customer"
1131,"customer"
1130,"customer"
1129,"wholesalebuyer"
1128,"customer"
1127,"customer"
1126,"customer"
1125,"customer"
1124,"wholesalebuyer"
1123,"customer"
1122,"customer"
1121,"wholesalebuyer"
1120,"wholesalebuyer"
1119,"wholesalebuyer"
1118,"wholesalebuyer"
1117,"wholesalebuyer"
1116,"wholesalebuyer"
1115,"customer"
1114,"customer"
1113,"customer"
1112,"customer"
1111,"customer"
1110,"customer"
1109,"customer"
1108,"customer"
1107,"customer"
1106,"customer"
1105,"customer"
1104,"wholesalebuyer"
1103,"wholesalebuyer"
1102,"wholesalebuyer"
1101,"wholesalebuyer"
1099,"wholesalebuyer"
1098,"wholesalebuyer"
1097,"customer"
1096,"customer"
1095,"customer"
1094,"customer"
1093,"customer"
1092,"customer"
1091,"customer"
1090,"customer"
1089,"customer"
1088,"customer"
1087,"customer"
1086,"customer"
1085,"customer"
1084,"customer"
1083,"customer"
1082,"customer"
1081,"customer"
1080,"customer"
1079,"customer"
1078,"customer"
1077,"customer"
1076,"customer"
1075,"customer"
1074,"customer"
1073,"wholesalebuyer"
1072,"customer"
1071,"customer"
1069,"customer"
1068,"customer"
1067,"customer"
1066,"wholesalebuyer"
1065,"wholesalebuyer"
1064,"customer"
1063,"wholesalebuyer"
1062,"customer"
1061,"customer"
1060,"wholesalebuyer"
1059,"customer"
1058,"customer"
1057,"customer"
1056,"customer"
1055,"customer"
1054,"customer"
1053,"customer"
1052,"customer"
1050,"customer"
1049,"wholesalebuyer"
1048,"customer"
1047,"customer"
1046,"customer"
1045,"customer"
1044,"customer"
1043,"customer"
1042,"customer"
1041,"customer"
1040,"customer"
1039,"customer"
1038,"wholesalebuyer"
1037,"wholesalebuyer"
1036,"customer"
1035,"customer"
1034,"customer"
1033,"customer"
1032,"wholesalebuyer"
1031,"wholesalebuyer"
1030,"customer"
1029,"customer"
1028,"customer"
1027,"customer"
1026,"wholesalebuyer"
1025,"customer"
1024,"customer"
1023,"customer"
1022,"customer"
1021,"customer"
1020,"customer"
1019,"customer"
1018,"wholesalebuyer"
1017,"customer"
1016,"customer"
1015,"customer"
1014,"customer"
1013,"customer"
1012,"customer"
1011,"wholesalebuyer"
1010,"wholesalebuyer"
1009,"customer"
1008,"customer"
1007,"customer"
1006,"customer"
1005,"wholesalebuyer"
1004,"wholesalebuyer"
1003,"customer"
1002,"customer"
1001,"wholesalebuyer"
1000,"customer"
999,"customer"
998,"wholesalebuyer"
997,"customer"
996,"customer"
995,"customer"
994,"customer"
993,"wholesalebuyer"
992,"customer"
991,"customer"
990,"customer"
989,"customer"
988,"customer"
987,"wholesalebuyer"
986,"wholesalebuyer"
985,"customer"
984,"wholesalebuyer"
983,"wholesalebuyer"
982,"customer"
981,"customer"
980,"customer"
979,"wholesalebuyer"
978,"wholesalebuyer"
976,"wholesalebuyer"
975,"customer"
974,"customer"
973,"customer"
972,"customer"
971,"customer"
970,"customer"
969,"customer"
968,"customer"
967,"wholesalebuyer"
966,"wholesalebuyer"
965,"wholesalebuyer"
964,"wholesalebuyer"
963,"wholesalebuyer"
962,"wholesalebuyer"
961,"customer"
960,"customer"
959,"customer"
958,"customer"
957,"customer"
956,"customer"
955,"customer"
954,"customer"
953,"customer"
952,"customer"
951,"wholesalebuyer"
950,"wholesalebuyer"
949,"wholesalebuyer"
948,"wholesalebuyer"
947,"wholesalebuyer"
946,"wholesalebuyer"
945,"customer"
944,"customer"
943,"customer"
942,"customer"
941,"customer"
940,"customer"
939,"customer"
938,"customer"
937,"customer"
936,"customer"
935,"customer"
934,"customer"
933,"customer"
932,"customer"
931,"customer"
930,"customer"
929,"customer"
928,"customer"
927,"customer"
926,"customer"
925,"wholesalebuyer"
924,"wholesalebuyer"
923,"customer"
922,"customer"
921,"customer"
920,"customer"
919,"customer"
918,"customer"
917,"customer"
916,"wholesalebuyer"
915,"wholesalebuyer"
914,"wholesalebuyer"
913,"wholesalebuyer"
912,"customer"
911,"customer"
910,"customer"
909,"customer"
908,"wholesalebuyer"
907,"wholesalebuyer"
906,"wholesalebuyer"
905,"customer"
904,"wholesalebuyer"
903,"wholesalebuyer"
902,"customer"
901,"customer"
900,"customer"
899,"customer"
898,"customer"
897,"customer"
896,"customer"
895,"customer"
894,"customer"
893,"customer"
892,"customer"
891,"customer"
890,"customer"
889,"customer"
888,"customer"
887,"customer"
886,"wholesalebuyer"
885,"wholesalebuyer"
884,"wholesalebuyer"
883,"customer"
882,"customer"
881,"customer"
880,"wholesalebuyer"
879,"customer"
878,"customer"
877,"customer"
876,"customer"
875,"customer"
874,"wholesalebuyer"
873,"customer"
872,"customer"
871,"customer"
870,"wholesalebuyer"
869,"wholesalebuyer"
868,"customer"
867,"wholesalebuyer"
865,"wholesalebuyer"
864,"customer"
863,"customer"
862,"wholesalebuyer"
861,"customer"
860,"customer"
859,"customer"
858,"customer"
857,"customer"
856,"customer"
855,"customer"
854,"customer"
853,"customer"
852,"wholesalebuyer"
851,"customer"
850,"customer"
849,"customer"
848,"wholesalebuyer"
847,"customer"
846,"customer"
845,"customer"
844,"customer"
843,"wholesalebuyer"
842,"wholesalebuyer"
841,"customer"
840,"customer"
839,"customer"
838,"customer"
837,"wholesalebuyer"
836,"wholesalebuyer"
835,"customer"
834,"customer"
833,"customer"
832,"customer"
831,"customer"
830,"customer"
829,"customer"
828,"wholesalebuyer"
827,"wholesalebuyer"
826,"wholesalebuyer"
825,"wholesalebuyer"
824,"wholesalebuyer"
823,"customer"
822,"customer"
821,"customer"
820,"customer"
819,"customer"
818,"customer"
817,"customer"
816,"customer"
815,"customer"
814,"customer"
813,"customer"
812,"customer"
811,"customer"
810,"customer"
809,"customer"
808,"customer"
807,"customer"
806,"customer"
805,"customer"
804,"wholesalebuyer"
803,"customer"
802,"wholesalebuyer"
801,"wholesalebuyer"
800,"customer"
799,"customer"
798,"wholesalebuyer"
797,"customer"
796,"wholesalebuyer"
795,"customer"
794,"customer"
793,"customer"
792,"customer"
791,"customer"
790,"customer"
789,"customer"
788,"customer"
787,"customer"
786,"customer"
785,"customer"
784,"customer"
783,"customer"
782,"customer"
781,"customer"
780,"customer"
779,"customer"
778,"customer"
777,"customer"
776,"wholesalebuyer"
775,"wholesalebuyer"
774,"customer"
773,"wholesalebuyer"
772,"customer"
771,"customer"
770,"customer"
769,"customer"
768,"customer"
767,"customer"
766,"customer"
765,"customer"
764,"customer"
763,"customer"
762,"customer"
761,"customer"
760,"customer"
759,"customer"
758,"wholesalebuyer"
757,"customer"
756,"customer"
755,"customer"
754,"wholesalebuyer"
753,"customer"
752,"customer"
751,"wholesalebuyer"
750,"customer"
749,"customer"
748,"customer"
747,"wholesalebuyer"
746,"customer"
745,"wholesalebuyer"
744,"customer"
743,"customer"
742,"customer"
741,"customer"
740,"customer"
739,"customer"
738,"customer"
736,"wholesalebuyer"
735,"wholesalebuyer"
734,"customer"
733,"customer"
732,"wholesalebuyer"
731,"customer"
730,"customer"
729,"customer"
728,"customer"
727,"customer"
726,"customer"
725,"customer"
724,"customer"
723,"customer"
722,"customer"
721,"customer"
720,"customer"
719,"customer"
718,"customer"
717,"customer"
716,"customer"
715,"customer"
714,"customer"
713,"customer"
712,"customer"
711,"customer"
710,"customer"
709,"customer"
708,"customer"
707,"customer"
706,"wholesalebuyer"
705,"wholesalebuyer"
704,"customer"
703,"customer"
702,"customer"
701,"wholesalebuyer"
700,"customer"
699,"wholesalebuyer"
698,"customer"
697,"customer"
696,"customer"
695,"customer"
694,"customer"
693,"customer"
692,"wholesalebuyer"
691,"customer"
690,"customer"
689,"wholesalebuyer"
688,"customer"
687,"customer"
686,"customer"
685,"customer"
684,"customer"
683,"customer"
682,"customer"
681,"customer"
680,"customer"
679,"customer"
678,"customer"
677,"customer"
676,"wholesalebuyer"
675,"customer"
674,"customer"
673,"customer"
672,"customer"
671,"customer"
670,"customer"
669,"customer"
668,"wholesalebuyer"
667,"customer"
666,"wholesalebuyer"
665,"customer"
664,"customer"
663,"customer"
662,"customer"
661,"wholesalebuyer"
660,"wholesalebuyer"
659,"customer"
658,"wholesalebuyer"
657,"customer"
656,"customer"
655,"customer"
654,"wholesalebuyer"
653,"customer"
652,"customer"
651,"customer"
650,"customer"
648,"customer"
647,"customer"
646,"customer"
645,"customer"
644,"customer"
643,"customer"
642,"customer"
641,"customer"
640,"customer"
639,"customer"
638,"customer"
637,"customer"
636,"wholesalebuyer"
635,"wholesalebuyer"
634,"wholesalebuyer"
633,"wholesalebuyer"
632,"customer"
631,"customer"
630,"customer"
629,"customer"
628,"customer"
627,"customer"
626,"customer"
625,"customer"
624,"wholesalebuyer"
623,"wholesalebuyer"
622,"customer"
621,"customer"
620,"customer"
619,"customer"
618,"customer"
617,"wholesalebuyer"
616,"customer"
615,"customer"
614,"customer"
613,"wholesalebuyer"
612,"customer"
611,"wholesalebuyer"
610,"customer"
609,"customer"
608,"customer"
607,"customer"
606,"wholesalebuyer"
605,"wholesalebuyer"
604,"customer"
603,"customer"
602,"wholesalebuyer"
601,"customer"
600,"customer"
599,"wholesalebuyer"
598,"wholesalebuyer"
597,"customer"
596,"customer"
595,"customer"
594,"customer"
593,"customer"
592,"customer"
591,"customer"
590,"customer"
589,"customer"
588,"customer"
587,"customer"
586,"wholesalebuyer"
585,"customer"
584,"customer"
583,"customer"
582,"customer"
581,"customer"
580,"customer"
579,"customer"
578,"customer"
577,"customer"
576,"customer"
575,"customer"
574,"customer"
573,"wholesalebuyer"
572,"customer"
571,"wholesalebuyer"
570,"customer"
569,"customer"
568,"customer"
567,"customer"
566,"customer"
565,"customer"
564,"customer"
563,"customer"
562,"customer"
561,"customer"
560,"customer"
559,"customer"
558,"customer"
557,"customer"
556,"customer"
555,"customer"
554,"wholesalebuyer"
553,"wholesalebuyer"
552,"customer"
551,"customer"
550,"customer"
549,"customer"
548,"customer"
547,"customer"
546,"customer"
545,"customer"
544,"customer"
543,"customer"
542,"customer"
541,"customer"
540,"customer"
539,"customer"
538,"customer"
537,"customer"
536,"customer"
535,"customer"
534,"customer"
533,"customer"
532,"customer"
531,"customer"
530,"customer"
529,"customer"
528,"customer"
527,"customer"
526,"customer"
525,"customer"
524,"customer"
523,"wholesalebuyer"
522,"wholesalebuyer"
521,"customer"
520,"customer"
519,"customer"
518,"customer"
517,"customer"
516,"wholesalebuyer"
515,"customer"
514,"customer"
513,"customer"
512,"customer"
511,"wholesalebuyer"
510,"customer"
509,"customer"
508,"wholesalebuyer"
507,"customer"
506,"wholesalebuyer"
505,"wholesalebuyer"
504,"customer"
503,"customer"
502,"customer"
501,"wholesalebuyer"
500,"customer"
499,"customer"
498,"customer"
497,"wholesalebuyer"
496,"customer"
495,"customer"
494,"customer"
493,"customer"
492,"customer"
491,"wholesalebuyer"
490,"customer"
489,"customer"
488,"wholesalebuyer"
487,"customer"
486,"wholesalebuyer"
485,"customer"
484,"customer"
483,"customer"
482,"wholesalebuyer"
481,"customer"
480,"customer"
479,"customer"
478,"wholesalebuyer"
477,"customer"
476,"customer"
475,"customer"
474,"customer"
473,"customer"
472,"customer"
471,"customer"
470,"customer"
469,"customer"
468,"wholesalebuyer"
467,"wholesalebuyer"
466,"customer"
465,"wholesalebuyer"
464,"wholesalebuyer"
463,"customer"
462,"customer"
461,"customer"
460,"customer"
459,"customer"
458,"customer"
457,"customer"
456,"customer"
455,"customer"
454,"customer"
453,"wholesalebuyer"
452,"customer"
451,"customer"
450,"wholesalebuyer"
449,"wholesalebuyer"
448,"wholesalebuyer"
447,"wholesalebuyer"
446,"customer"
445,"customer"
444,"customer"
443,"customer"
442,"customer"
441,"wholesalebuyer"
440,"customer"
439,"customer"
438,"customer"
437,"customer"
436,"customer"
435,"customer"
434,"customer"
433,"wholesalebuyer"
432,"customer"
431,"customer"
430,"wholesalebuyer"
429,"customer"
428,"wholesalebuyer"
426,"wholesalebuyer"
425,"wholesalebuyer"
424,"wholesalebuyer"
423,"customer"
422,"customer"
421,"administrator"
420,"customer"
419,"customer"
418,"customer"
417,"wholesalebuyer"
416,"customer"
415,"customer"
414,"customer"
413,"customer"
412,"customer"
411,"customer"
410,"customer"
409,"wholesalebuyer"
408,"wholesalebuyer"
407,"wholesalebuyer"
406,"wholesalebuyer"
405,"customer"
404,"customer"
403,"customer"
402,"customer"
401,"customer"
400,"customer"
399,"customer"
398,"customer"
397,"customer"
396,"customer"
395,"customer"
394,"customer"
393,"customer"
392,"customer"
391,"customer"
390,"wholesalebuyer"
389,"wholesalebuyer"
388,"customer"
387,"customer"
386,"customer"
385,"wholesalebuyer"
384,"wholesalebuyer"
383,"wholesalebuyer"
382,"customer"
381,"wholesalebuyer"
380,"customer"
379,"wholesalebuyer"
378,"wholesalebuyer"
377,"wholesalebuyer"
376,"wholesalebuyer"
375,"customer"
374,"customer"
373,"customer"
372,"customer"
371,"customer"
370,"customer"
369,"customer"
368,"customer"
367,"customer"
366,"customer"
365,"customer"
364,"customer"
363,"customer"
362,"customer"
361,"customer"
360,"wholesalebuyer"
359,"wholesalebuyer"
358,"customer"
357,"customer"
356,"customer"
355,"customer"
354,"customer"
353,"wholesalebuyer"
352,"customer"
351,"customer"
350,"customer"
349,"wholesalebuyer"
348,"customer"
347,"customer"
346,"customer"
345,"wholesalebuyer"
344,"customer"
343,"customer"
342,"wholesalebuyer"
341,"wholesalebuyer"
340,"customer"
339,"customer"
338,"customer"
337,"customer"
336,"wholesalebuyer"
335,"customer"
334,"wholesalebuyer"
333,"customer"
331,"customer"
330,"wholesalebuyer"
329,"wholesalebuyer"
328,"wholesalebuyer"
327,"wholesalebuyer"
326,"customer"
325,"customer"
324,"customer"
323,"customer"
322,"customer"
321,"customer"
320,"customer"
319,"wholesalebuyer"
318,"customer"
317,"customer"
316,"customer"
315,"wholesalebuyer"
314,"customer"
313,"wholesalebuyer"
312,"customer"
311,"customer"
310,"customer"
309,"wholesalebuyer"
308,"wholesalebuyer"
307,"wholesalebuyer"
306,"wholesalebuyer"
305,"customer"
304,"customer"
303,"customer"
302,"customer"
301,"customer"
300,"customer"
299,"customer"
298,"customer"
297,"wholesalebuyer"
296,"customer"
295,"customer"
294,"wholesalebuyer"
293,"customer"
292,"customer"
291,"customer"
290,"customer"
289,"customer"
288,"customer"
287,"wholesalebuyer"
286,"customer"
285,"wholesalebuyer"
284,"wholesalebuyer"
283,"customer"
282,"wholesalebuyer"
281,"customer"
280,"wholesalebuyer"
279,"customer"
278,"wholesalebuyer"
277,"customer"
276,"wholesalebuyer"
275,"customer"
274,"wholesalebuyer"
273,"customer"
272,"customer"
271,"customer"
270,"customer"
269,"customer"
268,"customer"
267,"wholesalebuyer"
266,"wholesalebuyer"
265,"customer"
264,"wholesalebuyer"
263,"customer"
262,"customer"
261,"wholesalebuyer"
260,"wholesalebuyer"
259,"customer"
258,"customer"
257,"customer"
256,"customer"
255,"customer"
254,"customer"
253,"customer"
252,"wholesalebuyer"
251,"administrator"
250,"customer"
249,"wholesalebuyer"
248,"wholesalebuyer"
247,"wholesalebuyer"
246,"wholesalebuyer"
245,"customer"
244,"customer"
243,"customer"
242,"customer"
241,"wholesalebuyer"
240,"customer"
239,"customer"
238,"wholesalebuyer"
237,"wholesalebuyer"
236,"customer"
235,"customer"
234,"customer"
233,"customer"
232,"customer"
231,"wholesalebuyer"
230,"customer"
229,"customer"
228,"wholesalebuyer"
227,"customer"
226,"wholesalebuyer"
225,"wholesalebuyer"
224,"customer"
223,"wholesalebuyer"
222,"customer"
221,"customer"
220,"customer"
219,"wholesalebuyer"
218,"wholesalebuyer"
217,"customer"
216,"customer"
215,"customer"
214,"wholesalebuyer"
213,"customer"
212,"customer"
211,"wholesalebuyer"
210,"wholesalebuyer"
209,"customer"
208,"customer"
207,"wholesalebuyer"
206,"customer"
205,"customer"
204,"customer"
203,"customer"
202,"customer"
201,"customer"
200,"customer"
199,"wholesalebuyer"
198,"wholesalebuyer"
197,"wholesalebuyer"
196,"wholesalebuyer"
195,"customer"
193,"wholesalebuyer"
192,"wholesalebuyer"
191,"customer"
190,"wholesalebuyer"
189,"wholesalebuyer"
188,"customer"
187,"wholesalebuyer"
186,"wholesalebuyer"
185,"customer"
184,"customer"
183,"wholesalebuyer"
182,"customer"
181,"wholesalebuyer"
180,"wholesalebuyer"
179,"wholesalebuyer"
178,"customer"
177,"customer"
176,"wholesalebuyer"
175,"customer"
174,"customer"
172,"wholesalebuyer"
171,"customer"
170,"customer"
169,"wholesalebuyer"
168,"customer"
167,"wholesalebuyer"
166,"customer"
165,"customer"
164,"wholesalebuyer"
162,"customer"
161,"customer"
160,"wholesalebuyer"
159,"wholesalebuyer"
158,"customer"
157,"customer"
156,"customer"
155,"wholesalebuyer"
154,"wholesalebuyer"
153,"customer"
152,"customer"
151,"customer"
150,"wholesalebuyer"
149,"customer"
148,"wholesalebuyer"
147,"wholesalebuyer"
146,"wholesalebuyer"
145,"customer"
144,"customer"
143,"customer"
142,"wholesalebuyer"
141,"wholesalebuyer"
140,"wholesalebuyer"
139,"wholesalebuyer"
138,"wholesalebuyer"
137,"wholesalebuyer"
136,"wholesalebuyer"
135,"customer"
134,"customer"
133,"wholesalebuyer"
132,"wholesalebuyer"
131,"wholesalebuyer"
130,"wholesalebuyer"
129,"customer"
128,"customer"
127,"customer"
125,"wholesalebuyer"
124,"administrator"
123,"wholesalebuyer"
122,"wholesalebuyer"
121,"wholesalebuyer"
120,"wholesalebuyer"
119,"wholesalebuyer"
118,"wholesalebuyer"
117,"wholesalebuyer"
116,"wholesalebuyer"
115,"wholesalebuyer"
114,"wholesalebuyer"
112,"wholesalebuyer"
111,"wholesalebuyer"
110,"wholesalebuyer"
109,"wholesalebuyer"
108,"wholesalebuyer"
107,"wholesalebuyer"
106,"wholesalebuyer"
105,"wholesalebuyer"
104,"wholesalebuyer"
103,"wholesalebuyer"
102,"wholesalebuyer"
101,"wholesalebuyer"
100,"wholesalebuyer"
99,"wholesalebuyer"
98,"wholesalebuyer"
97,"wholesalebuyer"
96,"wholesalebuyer"
95,"wholesalebuyer"
94,"wholesalebuyer"
93,"wholesalebuyer"
92,"wholesalebuyer"
91,"wholesalebuyer"
90,"wholesalebuyer"
89,"wholesalebuyer"
88,"wholesalebuyer"
87,"wholesalebuyer"
86,"wholesalebuyer"
85,"wholesalebuyer"
84,"wholesalebuyer"
83,"wholesalebuyer"
82,"wholesalebuyer"
81,"wholesalebuyer"
80,"wholesalebuyer"
79,"wholesalebuyer"
78,"wholesalebuyer"
77,"wholesalebuyer"
76,"wholesalebuyer"
75,"wholesalebuyer"
74,"wholesalebuyer"
73,"wholesalebuyer"
72,"wholesalebuyer"
71,"wholesalebuyer"
70,"wholesalebuyer"
69,"wholesalebuyer"
68,"wholesalebuyer"
67,"wholesalebuyer"
66,"wholesalebuyer"
65,"wholesalebuyer"
64,"wholesalebuyer"
63,"wholesalebuyer"
62,"wholesalebuyer"
61,"wholesalebuyer"
60,"wholesalebuyer"
59,"wholesalebuyer"
58,"wholesalebuyer"
57,"wholesalebuyer"
56,"wholesalebuyer"
55,"wholesalebuyer"
54,"wholesalebuyer"
53,"wholesalebuyer"
52,"wholesalebuyer"
51,"wholesalebuyer"
50,"wholesalebuyer"
49,"wholesalebuyer"
48,"wholesalebuyer"
47,"wholesalebuyer"
46,"wholesalebuyer"
45,"wholesalebuyer"
44,"wholesalebuyer"
43,"wholesalebuyer"
42,"wholesalebuyer"
41,"wholesalebuyer"
40,"wholesalebuyer"
39,"wholesalebuyer"
38,"wholesalebuyer"
37,"wholesalebuyer"
36,"wholesalebuyer"
35,"wholesalebuyer"
34,"wholesalebuyer"
33,"wholesalebuyer"
32,"wholesalebuyer"
31,"wholesalebuyer"
30,"wholesalebuyer"
29,"wholesalebuyer"
28,"wholesalebuyer"
27,"wholesalebuyer"
26,"wholesalebuyer"
25,"wholesalebuyer"
24,"wholesalebuyer"
23,"wholesalebuyer"
22,"wholesalebuyer"
21,"wholesalebuyer"
20,"wholesalebuyer"
19,"wholesalebuyer"
18,"wholesalebuyer"
17,"wholesalebuyer"
16,"wholesalebuyer"
15,"wholesalebuyer"
14,"wholesalebuyer"
13,"wholesalebuyer"
12,"wholesalebuyer"
11,"wholesalebuyer"
10,"wholesalebuyer"
9,"wholesalebuyer"
6,"customer"
5,"administrator"
4,"wholesalebuyer"
3,"wholesalebuyer"
1,"administrator"
2684,"customer"
2683,"customer"
2682,"subscriber"
2682,"wholesalebuyer"
2681,"customer"
2680,"subscriber"
2680,"wholesalebuyer"
2679,"subscriber"
2679,"wholesalebuyer"
2678,"customer"
2677,"subscriber"
2677,"wholesalebuyer"
2677,"wholesaletaxfree"
2676,"subscriber"
2676,"wholesalebuyer"
2675,"customer"
2674,"customer"
